{
  "timestamp": "2025-09-03T17:04:03.780520",
  "board_parameters": {
    "squares_x": 7,
    "squares_y": 10,
    "square_length_mm": 25.0,
    "marker_length_mm": 15.0
  },
  "image_size": [
    1920,
    1080
  ],
  "camera_matrix": [
    [
      1236.213105922667,
      0.0,
      964.5408105064628
    ],
    [
      0.0,
      1236.213105922667,
      599.7405410556511
    ],
    [
      0.0,
      0.0,
      1.0
    ]
  ],
  "distortion_coefficients": [
    0.02558317569595594,
    -0.3022225190349446,
    0.0012641606321446347,
    -0.00030814705709744184,
    0.3322413445770664
  ],
  "calibration_images_used": 20
}